pregunta, clase
¿Cuál es el grupo que ha sido más influyente en la música rock?, EntdidadGrupo
¿Quién es el actor/actriz más joven en ganar un premio Oscar?, EntdidadGrupo
¿Qué empresa es líder en la fabricación de cámaras fotográficas profesionales?, EntdidadGrupo
¿Qué grupo musical ha vendido más entradas en su gira mundial?, EntdidadGrupo
¿Cuál es el grupo que ha ganado más campeonatos en la historia de la NBA?, EntdidadGrupo
¿Quién es el científico más famoso de la historia?, EntdidadGrupo
¿Qué empresa es líder en la fabricación de consolas de videojuegos?, EntdidadGrupo
¿Qué grupo musical ha sido el más influyente en la música pop?, EntdidadGrupo
¿Cuál es el grupo que ha vendido más álbumes en la historia de la música latina?, EntdidadGrupo
¿Quién es el empresario/a más rico/a del mundo?, EntdidadGrupo
¿Qué empresa es líder en la producción de software de ofimática?, EntdidadGrupo
¿Qué grupo musical ha ganado más premios Grammy en la historia?, EntdidadGrupo
¿Cuál es el grupo que ha sido más influyente en el desarrollo de la tecnología móvil?, EntdidadGrupo
¿Quién es el escritor/a más leído/a en el género de ciencia ficción?, EntdidadGrupo
¿Qué empresa es líder en la producción de energía renovable?, EntdidadGrupo
¿Qué grupo musical ha vendido más discos en la historia del heavy metal?, EntdidadGrupo
¿Cuál es el grupo que ha ganado más campeonatos en la historia de la Liga Española de Fútbol?, EntdidadGrupo
¿Quién es el filósofo/a más influyente de la historia?, EntdidadGrupo
¿Qué empresa es líder en la producción de automóviles de lujo?, EntdidadGrupo
¿Qué grupo musical ha sido el más influyente en el desarrollo del hip-hop?, EntdidadGrupo
¿Cuál es el grupo que ha ganado más medallas en la historia de los Juegos Olímpicos?, EntdidadGrupo
¿Quién es el artista más caro en la historia de las subastas de arte?, EntdidadGrupo
¿Qué empresa es líder en la fabricación de procesadores para dispositivos móviles?, EntdidadGrupo
¿Qué grupo musical ha sido el más influyente en la música electrónica?, EntdidadGrupo
¿Cuál es el grupo que ha ganado más campeonatos en la historia de la Serie Mundial de Béisbol?, EntdidadGrupo
¿Cuál es el grupo que ha ganado más medallas en la historia de los Juegos Paralímpicos?, EntdidadGrupo
¿Quién es el artista más escuchado en la plataforma de streaming más popular?, EntdidadGrupo
¿Qué empresa es líder en la fabricación de electrodomésticos para el hogar?, EntdidadGrupo
¿Qué grupo musical ha sido el más influyente en la música country?, EntdidadGrupo
¿Cuál es el grupo que ha ganado más campeonatos en la historia de la NFL?, EntdidadGrupo
¿Quién es el escritor/a más premiado/a en la literatura contemporánea?, EntdidadGrupo
¿Qué empresa es líder en la producción de alimentos orgánicos?, EntdidadGrupo
¿Qué grupo musical ha sido el más influyente en el rock alternativo?, EntdidadGrupo
¿Cuál es el grupo que ha vendido más boletos para sus giras en América Latina?, EntdidadGrupo
¿Quién es el diseñador/a de moda más influyente en la actualidad?, EntdidadGrupo
¿Qué empresa es líder en la producción de robots para la industria manufacturera?, EntdidadGrupo
¿Qué grupo musical ha sido el más influyente en la música electrónica de baile?, EntdidadGrupo
¿Cuál es el grupo que ha ganado más campeonatos en la historia de la NHL?, EntdidadGrupo
¿Quién es el chef más reconocido en la actualidad?, EntdidadGrupo
¿Qué empresa es líder en la producción de dispositivos de realidad virtual?, EntdidadGrupo
¿Qué grupo musical ha sido el más influyente en la música indie?, EntdidadGrupo
¿Cuál es el grupo que ha ganado más campeonatos en la historia de la Premier League?, EntdidadGrupo
¿Quién es el arquitecto/a más reconocido/a en la actualidad?, EntdidadGrupo
¿Qué empresa es líder en la producción de paneles solares para el hogar?, EntdidadGrupo
¿Qué grupo musical ha sido el más influyente en la música punk?, EntdidadGrupo
¿Cuál es el grupo que ha ganado más campeonatos en la historia de la Liga de Béisbol Profesional de Japón?, EntdidadGrupo
¿Quién es el cantante/cantante más influyente en la música urbana?, EntdidadGrupo
¿Qué empresa es líder en la producción de dispositivos para la realidad aumentada?, EntdidadGrupo
¿Qué grupo musical ha sido el más influyente en la música post-punk?, EntdidadGrupo
¿Cuál es el grupo que ha ganado más campeonatos en la historia de la Copa Libertadores de América?, EntdidadGrupo